-- MySQL dump 10.16  Distrib 10.1.32-MariaDB, for Win32 (AMD64)
--
-- Host: localhost    Database: tiendas_buap
-- ------------------------------------------------------
-- Server version	10.1.32-MariaDB

/*!40101 SET @OLD_CHARACTER_SET_CLIENT=@@CHARACTER_SET_CLIENT */;
/*!40101 SET @OLD_CHARACTER_SET_RESULTS=@@CHARACTER_SET_RESULTS */;
/*!40101 SET @OLD_COLLATION_CONNECTION=@@COLLATION_CONNECTION */;
/*!40101 SET NAMES utf8 */;
/*!40103 SET @OLD_TIME_ZONE=@@TIME_ZONE */;
/*!40103 SET TIME_ZONE='+00:00' */;
/*!40014 SET @OLD_UNIQUE_CHECKS=@@UNIQUE_CHECKS, UNIQUE_CHECKS=0 */;
/*!40014 SET @OLD_FOREIGN_KEY_CHECKS=@@FOREIGN_KEY_CHECKS, FOREIGN_KEY_CHECKS=0 */;
/*!40101 SET @OLD_SQL_MODE=@@SQL_MODE, SQL_MODE='NO_AUTO_VALUE_ON_ZERO' */;
/*!40111 SET @OLD_SQL_NOTES=@@SQL_NOTES, SQL_NOTES=0 */;

--
-- Table structure for table `REL_CONTEO_INVENTARIO`
--

DROP TABLE IF EXISTS `REL_CONTEO_INVENTARIO`;
/*!40101 SET @saved_cs_client     = @@character_set_client */;
/*!40101 SET character_set_client = utf8 */;
CREATE TABLE `REL_CONTEO_INVENTARIO` (
  `CONTEO_FK_PROCUTO` int(10) unsigned NOT NULL,
  `CONTEO_FK_ESPACIO` int(10) unsigned NOT NULL,
  `CONTEO_CANTIDAD` int(11) NOT NULL,
  `created_at` timestamp NULL DEFAULT NULL,
  `updated_at` timestamp NULL DEFAULT NULL,
  KEY `rel_conteo_inventario_conteo_fk_procuto_foreign` (`CONTEO_FK_PROCUTO`),
  KEY `rel_conteo_inventario_conteo_fk_espacio_foreign` (`CONTEO_FK_ESPACIO`),
  CONSTRAINT `rel_conteo_inventario_conteo_fk_espacio_foreign` FOREIGN KEY (`CONTEO_FK_ESPACIO`) REFERENCES `TIENDAS_ESPACIOS` (`ESPACIO_ID`) ON DELETE CASCADE ON UPDATE CASCADE,
  CONSTRAINT `rel_conteo_inventario_conteo_fk_procuto_foreign` FOREIGN KEY (`CONTEO_FK_PROCUTO`) REFERENCES `TIENDAS_PRODUCTOS` (`PRODUCTOS_ID`) ON DELETE CASCADE ON UPDATE CASCADE
) ENGINE=InnoDB DEFAULT CHARSET=utf8mb4 COLLATE=utf8mb4_unicode_ci;
/*!40101 SET character_set_client = @saved_cs_client */;

--
-- Dumping data for table `REL_CONTEO_INVENTARIO`
--

LOCK TABLES `REL_CONTEO_INVENTARIO` WRITE;
/*!40000 ALTER TABLE `REL_CONTEO_INVENTARIO` DISABLE KEYS */;
/*!40000 ALTER TABLE `REL_CONTEO_INVENTARIO` ENABLE KEYS */;
UNLOCK TABLES;

--
-- Table structure for table `REL_DEVOLUCIONES`
--

DROP TABLE IF EXISTS `REL_DEVOLUCIONES`;
/*!40101 SET @saved_cs_client     = @@character_set_client */;
/*!40101 SET character_set_client = utf8 */;
CREATE TABLE `REL_DEVOLUCIONES` (
  `FK_VENTA` int(10) unsigned NOT NULL,
  `FK_DEV_PROD_INICIAL` int(10) unsigned NOT NULL,
  `FK_DEV_PROD_CAMBIO` int(10) unsigned NOT NULL,
  `FK_USUARIO` varchar(150) COLLATE utf8mb4_unicode_ci NOT NULL,
  `REL_DEV_MOTIVO` text COLLATE utf8mb4_unicode_ci,
  KEY `rel_devoluciones_fk_venta_foreign` (`FK_VENTA`),
  KEY `rel_devoluciones_fk_dev_prod_inicial_foreign` (`FK_DEV_PROD_INICIAL`),
  KEY `rel_devoluciones_fk_dev_prod_cambio_foreign` (`FK_DEV_PROD_CAMBIO`),
  KEY `rel_devoluciones_fk_usuario_foreign` (`FK_USUARIO`),
  CONSTRAINT `rel_devoluciones_fk_dev_prod_cambio_foreign` FOREIGN KEY (`FK_DEV_PROD_CAMBIO`) REFERENCES `TIENDAS_DEVOLUCIONES` (`DEVOLUCIONES_ID`) ON DELETE CASCADE ON UPDATE CASCADE,
  CONSTRAINT `rel_devoluciones_fk_dev_prod_inicial_foreign` FOREIGN KEY (`FK_DEV_PROD_INICIAL`) REFERENCES `TIENDAS_DEVOLUCIONES` (`DEVOLUCIONES_ID`) ON DELETE CASCADE ON UPDATE CASCADE,
  CONSTRAINT `rel_devoluciones_fk_usuario_foreign` FOREIGN KEY (`FK_USUARIO`) REFERENCES `TIENDAS_LOGIN` (`LOGIN_ID`) ON DELETE CASCADE ON UPDATE CASCADE,
  CONSTRAINT `rel_devoluciones_fk_venta_foreign` FOREIGN KEY (`FK_VENTA`) REFERENCES `TIENDAS_VENTAS` (`VENTAS_ID`) ON DELETE CASCADE ON UPDATE CASCADE
) ENGINE=InnoDB DEFAULT CHARSET=utf8mb4 COLLATE=utf8mb4_unicode_ci;
/*!40101 SET character_set_client = @saved_cs_client */;

--
-- Dumping data for table `REL_DEVOLUCIONES`
--

LOCK TABLES `REL_DEVOLUCIONES` WRITE;
/*!40000 ALTER TABLE `REL_DEVOLUCIONES` DISABLE KEYS */;
/*!40000 ALTER TABLE `REL_DEVOLUCIONES` ENABLE KEYS */;
UNLOCK TABLES;

--
-- Table structure for table `REL_HISTORIAL_PRODUCTO`
--

DROP TABLE IF EXISTS `REL_HISTORIAL_PRODUCTO`;
/*!40101 SET @saved_cs_client     = @@character_set_client */;
/*!40101 SET character_set_client = utf8 */;
CREATE TABLE `REL_HISTORIAL_PRODUCTO` (
  `FK_PROCUTO` int(10) unsigned NOT NULL,
  `FK_HISTORIAL` int(10) unsigned NOT NULL,
  `created_at` timestamp NULL DEFAULT NULL,
  `updated_at` timestamp NULL DEFAULT NULL,
  KEY `rel_historial_producto_fk_procuto_foreign` (`FK_PROCUTO`),
  KEY `rel_historial_producto_fk_historial_foreign` (`FK_HISTORIAL`),
  CONSTRAINT `rel_historial_producto_fk_historial_foreign` FOREIGN KEY (`FK_HISTORIAL`) REFERENCES `TIENDAS_HISTORIAL` (`HISTORIAL_ID`) ON DELETE CASCADE ON UPDATE CASCADE,
  CONSTRAINT `rel_historial_producto_fk_procuto_foreign` FOREIGN KEY (`FK_PROCUTO`) REFERENCES `TIENDAS_PRODUCTOS` (`PRODUCTOS_ID`) ON DELETE CASCADE ON UPDATE CASCADE
) ENGINE=InnoDB DEFAULT CHARSET=utf8mb4 COLLATE=utf8mb4_unicode_ci;
/*!40101 SET character_set_client = @saved_cs_client */;

--
-- Dumping data for table `REL_HISTORIAL_PRODUCTO`
--

LOCK TABLES `REL_HISTORIAL_PRODUCTO` WRITE;
/*!40000 ALTER TABLE `REL_HISTORIAL_PRODUCTO` DISABLE KEYS */;
/*!40000 ALTER TABLE `REL_HISTORIAL_PRODUCTO` ENABLE KEYS */;
UNLOCK TABLES;

--
-- Table structure for table `REL_INVENTARIO`
--

DROP TABLE IF EXISTS `REL_INVENTARIO`;
/*!40101 SET @saved_cs_client     = @@character_set_client */;
/*!40101 SET character_set_client = utf8 */;
CREATE TABLE `REL_INVENTARIO` (
  `DATOS_VENTA_FK_PROCUTO` int(10) unsigned NOT NULL,
  `DATOS_VENTA_FK_ESPACIO` int(10) unsigned NOT NULL,
  `DATOS_VENTA_CANTIDAD` int(11) NOT NULL,
  `DATOS_VENTA_INVENTARIO_MINIMO` int(11) DEFAULT NULL,
  KEY `rel_inventario_datos_venta_fk_procuto_foreign` (`DATOS_VENTA_FK_PROCUTO`),
  KEY `rel_inventario_datos_venta_fk_espacio_foreign` (`DATOS_VENTA_FK_ESPACIO`),
  CONSTRAINT `rel_inventario_datos_venta_fk_espacio_foreign` FOREIGN KEY (`DATOS_VENTA_FK_ESPACIO`) REFERENCES `TIENDAS_ESPACIOS` (`ESPACIO_ID`) ON DELETE CASCADE ON UPDATE CASCADE,
  CONSTRAINT `rel_inventario_datos_venta_fk_procuto_foreign` FOREIGN KEY (`DATOS_VENTA_FK_PROCUTO`) REFERENCES `TIENDAS_PRODUCTOS` (`PRODUCTOS_ID`) ON DELETE CASCADE ON UPDATE CASCADE
) ENGINE=InnoDB DEFAULT CHARSET=utf8mb4 COLLATE=utf8mb4_unicode_ci;
/*!40101 SET character_set_client = @saved_cs_client */;

--
-- Dumping data for table `REL_INVENTARIO`
--

LOCK TABLES `REL_INVENTARIO` WRITE;
/*!40000 ALTER TABLE `REL_INVENTARIO` DISABLE KEYS */;
/*!40000 ALTER TABLE `REL_INVENTARIO` ENABLE KEYS */;
UNLOCK TABLES;

--
-- Table structure for table `REL_MOVILIZACION_PRODUCTO`
--

DROP TABLE IF EXISTS `REL_MOVILIZACION_PRODUCTO`;
/*!40101 SET @saved_cs_client     = @@character_set_client */;
/*!40101 SET character_set_client = utf8 */;
CREATE TABLE `REL_MOVILIZACION_PRODUCTO` (
  `REL_MOV_FK_MOVILIZACION` int(10) unsigned NOT NULL,
  `REL_MOV_FK_PROCUTO` int(10) unsigned NOT NULL,
  `REL_MOV_FK_EMISOR` varchar(150) COLLATE utf8mb4_unicode_ci NOT NULL,
  `REL_MOV_FK_RECEPTOR` varchar(150) COLLATE utf8mb4_unicode_ci DEFAULT NULL,
  `REL_MOV_ESTATUS` enum('PENDIENTE','FINALIZADO','CANCELADO') COLLATE utf8mb4_unicode_ci NOT NULL,
  KEY `rel_movilizacion_producto_rel_mov_fk_movilizacion_foreign` (`REL_MOV_FK_MOVILIZACION`),
  KEY `rel_movilizacion_producto_rel_mov_fk_procuto_foreign` (`REL_MOV_FK_PROCUTO`),
  KEY `rel_movilizacion_producto_rel_mov_fk_emisor_foreign` (`REL_MOV_FK_EMISOR`),
  KEY `rel_movilizacion_producto_rel_mov_fk_receptor_foreign` (`REL_MOV_FK_RECEPTOR`),
  CONSTRAINT `rel_movilizacion_producto_rel_mov_fk_emisor_foreign` FOREIGN KEY (`REL_MOV_FK_EMISOR`) REFERENCES `TIENDAS_LOGIN` (`LOGIN_ID`) ON DELETE CASCADE ON UPDATE CASCADE,
  CONSTRAINT `rel_movilizacion_producto_rel_mov_fk_movilizacion_foreign` FOREIGN KEY (`REL_MOV_FK_MOVILIZACION`) REFERENCES `TIENDAS_MOVILIZACION_INVENTARIO` (`MOVILIZACION_ID`) ON DELETE CASCADE ON UPDATE CASCADE,
  CONSTRAINT `rel_movilizacion_producto_rel_mov_fk_procuto_foreign` FOREIGN KEY (`REL_MOV_FK_PROCUTO`) REFERENCES `TIENDAS_PRODUCTOS` (`PRODUCTOS_ID`) ON DELETE CASCADE ON UPDATE CASCADE,
  CONSTRAINT `rel_movilizacion_producto_rel_mov_fk_receptor_foreign` FOREIGN KEY (`REL_MOV_FK_RECEPTOR`) REFERENCES `TIENDAS_LOGIN` (`LOGIN_ID`) ON DELETE CASCADE ON UPDATE CASCADE
) ENGINE=InnoDB DEFAULT CHARSET=utf8mb4 COLLATE=utf8mb4_unicode_ci;
/*!40101 SET character_set_client = @saved_cs_client */;

--
-- Dumping data for table `REL_MOVILIZACION_PRODUCTO`
--

LOCK TABLES `REL_MOVILIZACION_PRODUCTO` WRITE;
/*!40000 ALTER TABLE `REL_MOVILIZACION_PRODUCTO` DISABLE KEYS */;
/*!40000 ALTER TABLE `REL_MOVILIZACION_PRODUCTO` ENABLE KEYS */;
UNLOCK TABLES;

--
-- Table structure for table `REL_PAGO_DEPOSITO`
--

DROP TABLE IF EXISTS `REL_PAGO_DEPOSITO`;
/*!40101 SET @saved_cs_client     = @@character_set_client */;
/*!40101 SET character_set_client = utf8 */;
CREATE TABLE `REL_PAGO_DEPOSITO` (
  `PAGO_DEPOSITO_FK_VENTA` int(10) unsigned NOT NULL,
  `PAGO_DEPOSITO_FICHA` varchar(255) COLLATE utf8mb4_unicode_ci NOT NULL,
  `created_at` timestamp NULL DEFAULT NULL,
  `updated_at` timestamp NULL DEFAULT NULL,
  KEY `rel_pago_deposito_pago_deposito_fk_venta_foreign` (`PAGO_DEPOSITO_FK_VENTA`),
  CONSTRAINT `rel_pago_deposito_pago_deposito_fk_venta_foreign` FOREIGN KEY (`PAGO_DEPOSITO_FK_VENTA`) REFERENCES `TIENDAS_VENTAS` (`VENTAS_ID`) ON DELETE CASCADE ON UPDATE CASCADE
) ENGINE=InnoDB DEFAULT CHARSET=utf8mb4 COLLATE=utf8mb4_unicode_ci;
/*!40101 SET character_set_client = @saved_cs_client */;

--
-- Dumping data for table `REL_PAGO_DEPOSITO`
--

LOCK TABLES `REL_PAGO_DEPOSITO` WRITE;
/*!40000 ALTER TABLE `REL_PAGO_DEPOSITO` DISABLE KEYS */;
/*!40000 ALTER TABLE `REL_PAGO_DEPOSITO` ENABLE KEYS */;
UNLOCK TABLES;

--
-- Table structure for table `REL_PAGO_MIXTO`
--

DROP TABLE IF EXISTS `REL_PAGO_MIXTO`;
/*!40101 SET @saved_cs_client     = @@character_set_client */;
/*!40101 SET character_set_client = utf8 */;
CREATE TABLE `REL_PAGO_MIXTO` (
  `PAGO_MIXTO_FK_VENTA` int(10) unsigned NOT NULL,
  `PAGO_MIXTO_EFECTIVO` double(8,2) NOT NULL,
  `PAGO_MIXTO_CREDITO` double(8,2) NOT NULL,
  `PAGO_MIXTO_DEBITO` double(8,2) NOT NULL,
  `created_at` timestamp NULL DEFAULT NULL,
  `updated_at` timestamp NULL DEFAULT NULL,
  KEY `rel_pago_mixto_pago_mixto_fk_venta_foreign` (`PAGO_MIXTO_FK_VENTA`),
  CONSTRAINT `rel_pago_mixto_pago_mixto_fk_venta_foreign` FOREIGN KEY (`PAGO_MIXTO_FK_VENTA`) REFERENCES `TIENDAS_VENTAS` (`VENTAS_ID`) ON DELETE CASCADE ON UPDATE CASCADE
) ENGINE=InnoDB DEFAULT CHARSET=utf8mb4 COLLATE=utf8mb4_unicode_ci;
/*!40101 SET character_set_client = @saved_cs_client */;

--
-- Dumping data for table `REL_PAGO_MIXTO`
--

LOCK TABLES `REL_PAGO_MIXTO` WRITE;
/*!40000 ALTER TABLE `REL_PAGO_MIXTO` DISABLE KEYS */;
/*!40000 ALTER TABLE `REL_PAGO_MIXTO` ENABLE KEYS */;
UNLOCK TABLES;

--
-- Table structure for table `REL_PAGO_NOMINA`
--

DROP TABLE IF EXISTS `REL_PAGO_NOMINA`;
/*!40101 SET @saved_cs_client     = @@character_set_client */;
/*!40101 SET character_set_client = utf8 */;
CREATE TABLE `REL_PAGO_NOMINA` (
  `PAGO_NOMINA_FK_VENTA` int(10) unsigned NOT NULL,
  `PAGO_NOMINA_ID_TRAB` varchar(255) COLLATE utf8mb4_unicode_ci NOT NULL,
  `PAGO_NOMINA_NOMBRE_TRAB` varchar(255) COLLATE utf8mb4_unicode_ci NOT NULL,
  `PAGO_NOMINA_QUINCENAS_TRAB` varchar(255) COLLATE utf8mb4_unicode_ci NOT NULL,
  `created_at` timestamp NULL DEFAULT NULL,
  `updated_at` timestamp NULL DEFAULT NULL,
  KEY `rel_pago_nomina_pago_nomina_fk_venta_foreign` (`PAGO_NOMINA_FK_VENTA`),
  CONSTRAINT `rel_pago_nomina_pago_nomina_fk_venta_foreign` FOREIGN KEY (`PAGO_NOMINA_FK_VENTA`) REFERENCES `TIENDAS_VENTAS` (`VENTAS_ID`) ON DELETE CASCADE ON UPDATE CASCADE
) ENGINE=InnoDB DEFAULT CHARSET=utf8mb4 COLLATE=utf8mb4_unicode_ci;
/*!40101 SET character_set_client = @saved_cs_client */;

--
-- Dumping data for table `REL_PAGO_NOMINA`
--

LOCK TABLES `REL_PAGO_NOMINA` WRITE;
/*!40000 ALTER TABLE `REL_PAGO_NOMINA` DISABLE KEYS */;
/*!40000 ALTER TABLE `REL_PAGO_NOMINA` ENABLE KEYS */;
UNLOCK TABLES;

--
-- Table structure for table `REL_PAGO_TRANSFERENCIA`
--

DROP TABLE IF EXISTS `REL_PAGO_TRANSFERENCIA`;
/*!40101 SET @saved_cs_client     = @@character_set_client */;
/*!40101 SET character_set_client = utf8 */;
CREATE TABLE `REL_PAGO_TRANSFERENCIA` (
  `PAGO_TRANSFERENCIA_FK_VENTA` int(10) unsigned NOT NULL,
  `PAGO_TRANSFERENCIA_OPERACION` varchar(255) COLLATE utf8mb4_unicode_ci NOT NULL,
  `created_at` timestamp NULL DEFAULT NULL,
  `updated_at` timestamp NULL DEFAULT NULL,
  KEY `rel_pago_transferencia_pago_transferencia_fk_venta_foreign` (`PAGO_TRANSFERENCIA_FK_VENTA`),
  CONSTRAINT `rel_pago_transferencia_pago_transferencia_fk_venta_foreign` FOREIGN KEY (`PAGO_TRANSFERENCIA_FK_VENTA`) REFERENCES `TIENDAS_VENTAS` (`VENTAS_ID`) ON DELETE CASCADE ON UPDATE CASCADE
) ENGINE=InnoDB DEFAULT CHARSET=utf8mb4 COLLATE=utf8mb4_unicode_ci;
/*!40101 SET character_set_client = @saved_cs_client */;

--
-- Dumping data for table `REL_PAGO_TRANSFERENCIA`
--

LOCK TABLES `REL_PAGO_TRANSFERENCIA` WRITE;
/*!40000 ALTER TABLE `REL_PAGO_TRANSFERENCIA` DISABLE KEYS */;
/*!40000 ALTER TABLE `REL_PAGO_TRANSFERENCIA` ENABLE KEYS */;
UNLOCK TABLES;

--
-- Table structure for table `REL_PRODUCTO_NOTA_ENTRADA`
--

DROP TABLE IF EXISTS `REL_PRODUCTO_NOTA_ENTRADA`;
/*!40101 SET @saved_cs_client     = @@character_set_client */;
/*!40101 SET character_set_client = utf8 */;
CREATE TABLE `REL_PRODUCTO_NOTA_ENTRADA` (
  `FK_PROCUTO` int(10) unsigned NOT NULL,
  `FK_NOTA_ENTRADA` int(10) unsigned NOT NULL,
  KEY `rel_producto_nota_entrada_fk_procuto_foreign` (`FK_PROCUTO`),
  KEY `rel_producto_nota_entrada_fk_nota_entrada_foreign` (`FK_NOTA_ENTRADA`),
  CONSTRAINT `rel_producto_nota_entrada_fk_nota_entrada_foreign` FOREIGN KEY (`FK_NOTA_ENTRADA`) REFERENCES `TIENDAS_NOTA_ENTRADA` (`NOTA_ENTRADA_ID`) ON DELETE CASCADE ON UPDATE CASCADE,
  CONSTRAINT `rel_producto_nota_entrada_fk_procuto_foreign` FOREIGN KEY (`FK_PROCUTO`) REFERENCES `TIENDAS_PRODUCTOS` (`PRODUCTOS_ID`) ON DELETE CASCADE ON UPDATE CASCADE
) ENGINE=InnoDB DEFAULT CHARSET=utf8mb4 COLLATE=utf8mb4_unicode_ci;
/*!40101 SET character_set_client = @saved_cs_client */;

--
-- Dumping data for table `REL_PRODUCTO_NOTA_ENTRADA`
--

LOCK TABLES `REL_PRODUCTO_NOTA_ENTRADA` WRITE;
/*!40000 ALTER TABLE `REL_PRODUCTO_NOTA_ENTRADA` DISABLE KEYS */;
/*!40000 ALTER TABLE `REL_PRODUCTO_NOTA_ENTRADA` ENABLE KEYS */;
UNLOCK TABLES;

--
-- Table structure for table `REL_QUINCENAS_VENTA`
--

DROP TABLE IF EXISTS `REL_QUINCENAS_VENTA`;
/*!40101 SET @saved_cs_client     = @@character_set_client */;
/*!40101 SET character_set_client = utf8 */;
CREATE TABLE `REL_QUINCENAS_VENTA` (
  `REL_QUINCENAS_FK_VENTA` int(10) unsigned NOT NULL,
  `REL_QUINCENAS_FK_QUINCENA` int(10) unsigned NOT NULL,
  `created_at` timestamp NULL DEFAULT NULL,
  `updated_at` timestamp NULL DEFAULT NULL,
  KEY `rel_quincenas_venta_rel_quincenas_fk_venta_foreign` (`REL_QUINCENAS_FK_VENTA`),
  KEY `rel_quincenas_venta_rel_quincenas_fk_quincena_foreign` (`REL_QUINCENAS_FK_QUINCENA`),
  CONSTRAINT `rel_quincenas_venta_rel_quincenas_fk_quincena_foreign` FOREIGN KEY (`REL_QUINCENAS_FK_QUINCENA`) REFERENCES `TIENDAS_QUINCENAS` (`QUINCENAS_ID`) ON DELETE CASCADE ON UPDATE CASCADE,
  CONSTRAINT `rel_quincenas_venta_rel_quincenas_fk_venta_foreign` FOREIGN KEY (`REL_QUINCENAS_FK_VENTA`) REFERENCES `TIENDAS_VENTAS` (`VENTAS_ID`) ON DELETE CASCADE ON UPDATE CASCADE
) ENGINE=InnoDB DEFAULT CHARSET=utf8mb4 COLLATE=utf8mb4_unicode_ci;
/*!40101 SET character_set_client = @saved_cs_client */;

--
-- Dumping data for table `REL_QUINCENAS_VENTA`
--

LOCK TABLES `REL_QUINCENAS_VENTA` WRITE;
/*!40000 ALTER TABLE `REL_QUINCENAS_VENTA` DISABLE KEYS */;
/*!40000 ALTER TABLE `REL_QUINCENAS_VENTA` ENABLE KEYS */;
UNLOCK TABLES;

--
-- Table structure for table `REL_USUARIO_ESPACIO`
--

DROP TABLE IF EXISTS `REL_USUARIO_ESPACIO`;
/*!40101 SET @saved_cs_client     = @@character_set_client */;
/*!40101 SET character_set_client = utf8 */;
CREATE TABLE `REL_USUARIO_ESPACIO` (
  `FK_USUARIO` varchar(150) COLLATE utf8mb4_unicode_ci NOT NULL,
  `FK_ESPACIO` int(10) unsigned NOT NULL,
  KEY `rel_usuario_espacio_fk_usuario_foreign` (`FK_USUARIO`),
  KEY `rel_usuario_espacio_fk_espacio_foreign` (`FK_ESPACIO`),
  CONSTRAINT `rel_usuario_espacio_fk_espacio_foreign` FOREIGN KEY (`FK_ESPACIO`) REFERENCES `TIENDAS_ESPACIOS` (`ESPACIO_ID`) ON DELETE CASCADE ON UPDATE CASCADE,
  CONSTRAINT `rel_usuario_espacio_fk_usuario_foreign` FOREIGN KEY (`FK_USUARIO`) REFERENCES `TIENDAS_LOGIN` (`LOGIN_ID`) ON DELETE CASCADE ON UPDATE CASCADE
) ENGINE=InnoDB DEFAULT CHARSET=utf8mb4 COLLATE=utf8mb4_unicode_ci;
/*!40101 SET character_set_client = @saved_cs_client */;

--
-- Dumping data for table `REL_USUARIO_ESPACIO`
--

LOCK TABLES `REL_USUARIO_ESPACIO` WRITE;
/*!40000 ALTER TABLE `REL_USUARIO_ESPACIO` DISABLE KEYS */;
INSERT INTO `REL_USUARIO_ESPACIO` VALUES ('cajero',2),('marvineliosa',3);
/*!40000 ALTER TABLE `REL_USUARIO_ESPACIO` ENABLE KEYS */;
UNLOCK TABLES;

--
-- Table structure for table `REL_VENTA_FACTURA`
--

DROP TABLE IF EXISTS `REL_VENTA_FACTURA`;
/*!40101 SET @saved_cs_client     = @@character_set_client */;
/*!40101 SET character_set_client = utf8 */;
CREATE TABLE `REL_VENTA_FACTURA` (
  `REL_FACTURA_FK_VENTA` int(10) unsigned NOT NULL,
  `REL_FACTURA_NUMERO` int(11) NOT NULL,
  `created_at` timestamp NULL DEFAULT NULL,
  `updated_at` timestamp NULL DEFAULT NULL,
  KEY `rel_venta_factura_rel_factura_fk_venta_foreign` (`REL_FACTURA_FK_VENTA`),
  CONSTRAINT `rel_venta_factura_rel_factura_fk_venta_foreign` FOREIGN KEY (`REL_FACTURA_FK_VENTA`) REFERENCES `TIENDAS_VENTAS` (`VENTAS_ID`) ON DELETE CASCADE ON UPDATE CASCADE
) ENGINE=InnoDB DEFAULT CHARSET=utf8mb4 COLLATE=utf8mb4_unicode_ci;
/*!40101 SET character_set_client = @saved_cs_client */;

--
-- Dumping data for table `REL_VENTA_FACTURA`
--

LOCK TABLES `REL_VENTA_FACTURA` WRITE;
/*!40000 ALTER TABLE `REL_VENTA_FACTURA` DISABLE KEYS */;
/*!40000 ALTER TABLE `REL_VENTA_FACTURA` ENABLE KEYS */;
UNLOCK TABLES;

--
-- Table structure for table `REL_VENTA_PRODUCTO`
--

DROP TABLE IF EXISTS `REL_VENTA_PRODUCTO`;
/*!40101 SET @saved_cs_client     = @@character_set_client */;
/*!40101 SET character_set_client = utf8 */;
CREATE TABLE `REL_VENTA_PRODUCTO` (
  `REL_VENTA_FK_VENTA` int(10) unsigned NOT NULL,
  `REL_VENTA_FK_PROCUTO` int(10) unsigned NOT NULL,
  `REL_VENTA_FK_ESPACIO` int(10) unsigned NOT NULL,
  `REL_VENTA_FK_USUARIO` varchar(150) COLLATE utf8mb4_unicode_ci NOT NULL,
  `REL_VENTA_PRECIO` double(8,2) NOT NULL,
  `REL_VENTA_CANTIDAD` int(11) NOT NULL,
  `created_at` timestamp NULL DEFAULT NULL,
  `updated_at` timestamp NULL DEFAULT NULL,
  KEY `rel_venta_producto_rel_venta_fk_venta_foreign` (`REL_VENTA_FK_VENTA`),
  KEY `rel_venta_producto_rel_venta_fk_procuto_foreign` (`REL_VENTA_FK_PROCUTO`),
  KEY `rel_venta_producto_rel_venta_fk_espacio_foreign` (`REL_VENTA_FK_ESPACIO`),
  KEY `rel_venta_producto_rel_venta_fk_usuario_foreign` (`REL_VENTA_FK_USUARIO`),
  CONSTRAINT `rel_venta_producto_rel_venta_fk_espacio_foreign` FOREIGN KEY (`REL_VENTA_FK_ESPACIO`) REFERENCES `TIENDAS_ESPACIOS` (`ESPACIO_ID`) ON DELETE CASCADE ON UPDATE CASCADE,
  CONSTRAINT `rel_venta_producto_rel_venta_fk_procuto_foreign` FOREIGN KEY (`REL_VENTA_FK_PROCUTO`) REFERENCES `TIENDAS_PRODUCTOS` (`PRODUCTOS_ID`) ON DELETE CASCADE ON UPDATE CASCADE,
  CONSTRAINT `rel_venta_producto_rel_venta_fk_usuario_foreign` FOREIGN KEY (`REL_VENTA_FK_USUARIO`) REFERENCES `TIENDAS_LOGIN` (`LOGIN_ID`) ON DELETE CASCADE ON UPDATE CASCADE,
  CONSTRAINT `rel_venta_producto_rel_venta_fk_venta_foreign` FOREIGN KEY (`REL_VENTA_FK_VENTA`) REFERENCES `TIENDAS_VENTAS` (`VENTAS_ID`) ON DELETE CASCADE ON UPDATE CASCADE
) ENGINE=InnoDB DEFAULT CHARSET=utf8mb4 COLLATE=utf8mb4_unicode_ci;
/*!40101 SET character_set_client = @saved_cs_client */;

--
-- Dumping data for table `REL_VENTA_PRODUCTO`
--

LOCK TABLES `REL_VENTA_PRODUCTO` WRITE;
/*!40000 ALTER TABLE `REL_VENTA_PRODUCTO` DISABLE KEYS */;
/*!40000 ALTER TABLE `REL_VENTA_PRODUCTO` ENABLE KEYS */;
UNLOCK TABLES;

--
-- Table structure for table `TIENDAS_DATOS_VENTA_PRODUCTO`
--

DROP TABLE IF EXISTS `TIENDAS_DATOS_VENTA_PRODUCTO`;
/*!40101 SET @saved_cs_client     = @@character_set_client */;
/*!40101 SET character_set_client = utf8 */;
CREATE TABLE `TIENDAS_DATOS_VENTA_PRODUCTO` (
  `DATOS_VENTA_FK_PROCUTO` int(10) unsigned NOT NULL,
  `DATOS_VENTA_PRECIO` double(8,2) DEFAULT NULL,
  `DATOS_VENTA_DESCUENTO` int(11) DEFAULT NULL,
  KEY `tiendas_datos_venta_producto_datos_venta_fk_procuto_foreign` (`DATOS_VENTA_FK_PROCUTO`),
  CONSTRAINT `tiendas_datos_venta_producto_datos_venta_fk_procuto_foreign` FOREIGN KEY (`DATOS_VENTA_FK_PROCUTO`) REFERENCES `TIENDAS_PRODUCTOS` (`PRODUCTOS_ID`) ON DELETE CASCADE ON UPDATE CASCADE
) ENGINE=InnoDB DEFAULT CHARSET=utf8mb4 COLLATE=utf8mb4_unicode_ci;
/*!40101 SET character_set_client = @saved_cs_client */;

--
-- Dumping data for table `TIENDAS_DATOS_VENTA_PRODUCTO`
--

LOCK TABLES `TIENDAS_DATOS_VENTA_PRODUCTO` WRITE;
/*!40000 ALTER TABLE `TIENDAS_DATOS_VENTA_PRODUCTO` DISABLE KEYS */;
INSERT INTO `TIENDAS_DATOS_VENTA_PRODUCTO` VALUES (1000,0.00,0),(1001,0.00,0),(1002,0.00,0),(1003,0.00,0),(1004,0.00,0),(1005,0.00,0),(1006,0.00,0),(1007,0.00,0),(1008,0.00,0),(1009,0.00,0),(1010,0.00,0),(1011,0.00,0),(1012,0.00,0),(1013,0.00,0),(1014,0.00,0),(1015,0.00,0),(1016,0.00,0),(1017,0.00,0),(1018,0.00,0),(1019,0.00,0),(1020,0.00,0),(1021,0.00,0),(1022,0.00,0),(1023,0.00,0),(1024,0.00,0),(1025,0.00,0),(1026,0.00,0),(1027,0.00,0),(1028,0.00,0),(1029,0.00,0),(1030,0.00,0),(1031,0.00,0),(1032,0.00,0),(1033,0.00,0),(1034,0.00,0),(1035,0.00,0),(1036,0.00,0),(1037,0.00,0),(1038,0.00,0),(1039,0.00,0),(1040,0.00,0),(1041,0.00,0),(1042,0.00,0),(1043,0.00,0),(1044,0.00,0),(1045,0.00,0),(1046,0.00,0),(1047,0.00,0),(1048,0.00,0),(1049,0.00,0),(1050,0.00,0),(1051,0.00,0),(1052,0.00,0),(1053,0.00,0),(1054,0.00,0),(1055,0.00,0),(1056,0.00,0),(1057,0.00,0),(1058,0.00,0),(1059,0.00,0),(1060,0.00,0),(1061,0.00,0),(1062,0.00,0),(1063,0.00,0),(1064,0.00,0),(1065,0.00,0),(1066,0.00,0),(1067,0.00,0),(1068,0.00,0),(1069,0.00,0),(1070,0.00,0),(1071,0.00,0),(1072,0.00,0),(1073,0.00,0),(1074,0.00,0),(1075,0.00,0),(1076,0.00,0),(1077,0.00,0),(1078,0.00,0),(1079,0.00,0),(1080,0.00,0),(1081,0.00,0),(1082,0.00,0),(1083,0.00,0),(1084,0.00,0),(1085,0.00,0),(1086,0.00,0),(1087,0.00,0),(1088,0.00,0),(1089,0.00,0),(1090,0.00,0),(1091,0.00,0),(1092,0.00,0),(1093,0.00,0),(1094,0.00,0),(1095,0.00,0),(1096,0.00,0),(1097,0.00,0),(1098,0.00,0),(1099,0.00,0),(1100,0.00,0),(1101,0.00,0),(1102,0.00,0),(1103,0.00,0),(1104,0.00,0),(1105,0.00,0),(1106,0.00,0),(1107,0.00,0),(1108,0.00,0),(1109,0.00,0),(1110,0.00,0),(1111,0.00,0),(1112,0.00,0),(1113,0.00,0),(1114,0.00,0),(1115,0.00,0),(1116,0.00,0),(1117,0.00,0),(1118,0.00,0),(1119,0.00,0),(1120,0.00,0),(1121,0.00,0),(1122,0.00,0),(1123,0.00,0),(1124,0.00,0),(1125,0.00,0),(1126,0.00,0),(1127,0.00,0),(1128,0.00,0),(1129,0.00,0),(1130,0.00,0),(1131,0.00,0),(1132,0.00,0),(1133,0.00,0),(1134,0.00,0),(1135,0.00,0),(1136,0.00,0),(1137,0.00,0),(1138,0.00,0),(1139,0.00,0),(1140,0.00,0),(1141,0.00,0),(1142,0.00,0);
/*!40000 ALTER TABLE `TIENDAS_DATOS_VENTA_PRODUCTO` ENABLE KEYS */;
UNLOCK TABLES;

--
-- Table structure for table `TIENDAS_DEVOLUCIONES`
--

DROP TABLE IF EXISTS `TIENDAS_DEVOLUCIONES`;
/*!40101 SET @saved_cs_client     = @@character_set_client */;
/*!40101 SET character_set_client = utf8 */;
CREATE TABLE `TIENDAS_DEVOLUCIONES` (
  `DEVOLUCIONES_ID` int(10) unsigned NOT NULL AUTO_INCREMENT,
  `DEVOLUCIONES_PROCUTO_ID` int(10) unsigned NOT NULL,
  `DEVOLUCIONES_CANTIDAD` int(11) NOT NULL,
  `created_at` timestamp NULL DEFAULT NULL,
  `updated_at` timestamp NULL DEFAULT NULL,
  PRIMARY KEY (`DEVOLUCIONES_ID`),
  KEY `tiendas_devoluciones_devoluciones_procuto_id_foreign` (`DEVOLUCIONES_PROCUTO_ID`),
  CONSTRAINT `tiendas_devoluciones_devoluciones_procuto_id_foreign` FOREIGN KEY (`DEVOLUCIONES_PROCUTO_ID`) REFERENCES `TIENDAS_PRODUCTOS` (`PRODUCTOS_ID`) ON DELETE CASCADE ON UPDATE CASCADE
) ENGINE=InnoDB DEFAULT CHARSET=utf8mb4 COLLATE=utf8mb4_unicode_ci;
/*!40101 SET character_set_client = @saved_cs_client */;

--
-- Dumping data for table `TIENDAS_DEVOLUCIONES`
--

LOCK TABLES `TIENDAS_DEVOLUCIONES` WRITE;
/*!40000 ALTER TABLE `TIENDAS_DEVOLUCIONES` DISABLE KEYS */;
/*!40000 ALTER TABLE `TIENDAS_DEVOLUCIONES` ENABLE KEYS */;
UNLOCK TABLES;

--
-- Table structure for table `TIENDAS_ESPACIOS`
--

DROP TABLE IF EXISTS `TIENDAS_ESPACIOS`;
/*!40101 SET @saved_cs_client     = @@character_set_client */;
/*!40101 SET character_set_client = utf8 */;
CREATE TABLE `TIENDAS_ESPACIOS` (
  `ESPACIO_ID` int(10) unsigned NOT NULL AUTO_INCREMENT,
  `ESPACIO_NOMBRE` varchar(255) COLLATE utf8mb4_unicode_ci NOT NULL,
  `ESPACIO_UBICACION` varchar(255) COLLATE utf8mb4_unicode_ci NOT NULL,
  `ESPACIO_SIGLAS` varchar(255) COLLATE utf8mb4_unicode_ci NOT NULL,
  `ESPACIO_TIPO` enum('BODEGA','TIENDA') COLLATE utf8mb4_unicode_ci NOT NULL,
  `created_at` timestamp NULL DEFAULT NULL,
  `updated_at` timestamp NULL DEFAULT NULL,
  PRIMARY KEY (`ESPACIO_ID`)
) ENGINE=InnoDB AUTO_INCREMENT=4 DEFAULT CHARSET=utf8mb4 COLLATE=utf8mb4_unicode_ci;
/*!40101 SET character_set_client = @saved_cs_client */;

--
-- Dumping data for table `TIENDAS_ESPACIOS`
--

LOCK TABLES `TIENDAS_ESPACIOS` WRITE;
/*!40000 ALTER TABLE `TIENDAS_ESPACIOS` DISABLE KEYS */;
INSERT INTO `TIENDAS_ESPACIOS` VALUES (1,'BODEGA 1','DAPI','B1','BODEGA','2019-09-02 14:44:02',NULL),(2,'TIENDA CU','CIUDAD UNIVERSITARIA','CU','TIENDA','2019-09-02 14:44:35',NULL),(3,'TIENDA CCU','COMPLEJO CULTURAL UNIVERSITARIO','CCU','TIENDA','2019-09-02 14:45:37',NULL);
/*!40000 ALTER TABLE `TIENDAS_ESPACIOS` ENABLE KEYS */;
UNLOCK TABLES;

--
-- Table structure for table `TIENDAS_HISTORIAL`
--

DROP TABLE IF EXISTS `TIENDAS_HISTORIAL`;
/*!40101 SET @saved_cs_client     = @@character_set_client */;
/*!40101 SET character_set_client = utf8 */;
CREATE TABLE `TIENDAS_HISTORIAL` (
  `HISTORIAL_ID` int(10) unsigned NOT NULL AUTO_INCREMENT,
  `HISTORIAL_TEXTO` text COLLATE utf8mb4_unicode_ci NOT NULL,
  `created_at` timestamp NULL DEFAULT NULL,
  `updated_at` timestamp NULL DEFAULT NULL,
  PRIMARY KEY (`HISTORIAL_ID`)
) ENGINE=InnoDB DEFAULT CHARSET=utf8mb4 COLLATE=utf8mb4_unicode_ci;
/*!40101 SET character_set_client = @saved_cs_client */;

--
-- Dumping data for table `TIENDAS_HISTORIAL`
--

LOCK TABLES `TIENDAS_HISTORIAL` WRITE;
/*!40000 ALTER TABLE `TIENDAS_HISTORIAL` DISABLE KEYS */;
/*!40000 ALTER TABLE `TIENDAS_HISTORIAL` ENABLE KEYS */;
UNLOCK TABLES;

--
-- Table structure for table `TIENDAS_LOGIN`
--

DROP TABLE IF EXISTS `TIENDAS_LOGIN`;
/*!40101 SET @saved_cs_client     = @@character_set_client */;
/*!40101 SET character_set_client = utf8 */;
CREATE TABLE `TIENDAS_LOGIN` (
  `LOGIN_ID` varchar(150) COLLATE utf8mb4_unicode_ci NOT NULL,
  `LOGIN_CONTRASENIA` varchar(255) COLLATE utf8mb4_unicode_ci NOT NULL,
  `LOGIN_CATEGORIA` enum('ADMINISTRADOR','ENCARGADO','CAJERO') COLLATE utf8mb4_unicode_ci NOT NULL,
  `LOGIN_RESPONSABLE` varchar(255) COLLATE utf8mb4_unicode_ci NOT NULL,
  `created_at` timestamp NULL DEFAULT NULL,
  `updated_at` timestamp NULL DEFAULT NULL,
  PRIMARY KEY (`LOGIN_ID`)
) ENGINE=InnoDB DEFAULT CHARSET=utf8mb4 COLLATE=utf8mb4_unicode_ci;
/*!40101 SET character_set_client = @saved_cs_client */;

--
-- Dumping data for table `TIENDAS_LOGIN`
--

LOCK TABLES `TIENDAS_LOGIN` WRITE;
/*!40000 ALTER TABLE `TIENDAS_LOGIN` DISABLE KEYS */;
INSERT INTO `TIENDAS_LOGIN` VALUES ('administrador','123456','ADMINISTRADOR','USUARIO ADMINISTRADOR',NULL,NULL),('cajero','123456','CAJERO','USUARIO CAJERO',NULL,NULL),('encargado','123456','ENCARGADO','USUARIO ENCARGADO',NULL,NULL),('marvineliosa','123456','CAJERO','Marvin Eliosa Abaroa',NULL,NULL);
/*!40000 ALTER TABLE `TIENDAS_LOGIN` ENABLE KEYS */;
UNLOCK TABLES;

--
-- Table structure for table `TIENDAS_MOVILIZACION_INVENTARIO`
--

DROP TABLE IF EXISTS `TIENDAS_MOVILIZACION_INVENTARIO`;
/*!40101 SET @saved_cs_client     = @@character_set_client */;
/*!40101 SET character_set_client = utf8 */;
CREATE TABLE `TIENDAS_MOVILIZACION_INVENTARIO` (
  `MOVILIZACION_ID` int(10) unsigned NOT NULL AUTO_INCREMENT,
  `MOVILIZACION_ORIGEN` int(10) unsigned NOT NULL,
  `MOVILIZACION_DESTINO` int(10) unsigned NOT NULL,
  `MOVILIZACION_CANTIDAD` int(11) NOT NULL,
  `MOVILIZACION_FECHA_MOVIMIENTO` date NOT NULL,
  `MOVILIZACION_FECHA_RECEPCION` date DEFAULT NULL,
  `MOVILIZACION_FECHA_CANCELACION` date DEFAULT NULL,
  PRIMARY KEY (`MOVILIZACION_ID`),
  KEY `tiendas_movilizacion_inventario_movilizacion_origen_foreign` (`MOVILIZACION_ORIGEN`),
  KEY `tiendas_movilizacion_inventario_movilizacion_destino_foreign` (`MOVILIZACION_DESTINO`),
  CONSTRAINT `tiendas_movilizacion_inventario_movilizacion_destino_foreign` FOREIGN KEY (`MOVILIZACION_DESTINO`) REFERENCES `TIENDAS_ESPACIOS` (`ESPACIO_ID`) ON DELETE CASCADE ON UPDATE CASCADE,
  CONSTRAINT `tiendas_movilizacion_inventario_movilizacion_origen_foreign` FOREIGN KEY (`MOVILIZACION_ORIGEN`) REFERENCES `TIENDAS_ESPACIOS` (`ESPACIO_ID`) ON DELETE CASCADE ON UPDATE CASCADE
) ENGINE=InnoDB DEFAULT CHARSET=utf8mb4 COLLATE=utf8mb4_unicode_ci;
/*!40101 SET character_set_client = @saved_cs_client */;

--
-- Dumping data for table `TIENDAS_MOVILIZACION_INVENTARIO`
--

LOCK TABLES `TIENDAS_MOVILIZACION_INVENTARIO` WRITE;
/*!40000 ALTER TABLE `TIENDAS_MOVILIZACION_INVENTARIO` DISABLE KEYS */;
/*!40000 ALTER TABLE `TIENDAS_MOVILIZACION_INVENTARIO` ENABLE KEYS */;
UNLOCK TABLES;

--
-- Table structure for table `TIENDAS_NOTA_ENTRADA`
--

DROP TABLE IF EXISTS `TIENDAS_NOTA_ENTRADA`;
/*!40101 SET @saved_cs_client     = @@character_set_client */;
/*!40101 SET character_set_client = utf8 */;
CREATE TABLE `TIENDAS_NOTA_ENTRADA` (
  `NOTA_ENTRADA_ID` int(10) unsigned NOT NULL AUTO_INCREMENT,
  `NOTA_ENTRADA_PRECIO_COMPRA` double(8,2) NOT NULL,
  `NOTA_ENTRADA_CANTIDAD` int(11) NOT NULL,
  `NOTA_ENTRADA_OBSERVACIONES` text COLLATE utf8mb4_unicode_ci,
  `created_at` timestamp NULL DEFAULT NULL,
  `updated_at` timestamp NULL DEFAULT NULL,
  PRIMARY KEY (`NOTA_ENTRADA_ID`)
) ENGINE=InnoDB DEFAULT CHARSET=utf8mb4 COLLATE=utf8mb4_unicode_ci;
/*!40101 SET character_set_client = @saved_cs_client */;

--
-- Dumping data for table `TIENDAS_NOTA_ENTRADA`
--

LOCK TABLES `TIENDAS_NOTA_ENTRADA` WRITE;
/*!40000 ALTER TABLE `TIENDAS_NOTA_ENTRADA` DISABLE KEYS */;
/*!40000 ALTER TABLE `TIENDAS_NOTA_ENTRADA` ENABLE KEYS */;
UNLOCK TABLES;

--
-- Table structure for table `TIENDAS_PRODUCTOS`
--

DROP TABLE IF EXISTS `TIENDAS_PRODUCTOS`;
/*!40101 SET @saved_cs_client     = @@character_set_client */;
/*!40101 SET character_set_client = utf8 */;
CREATE TABLE `TIENDAS_PRODUCTOS` (
  `PRODUCTOS_ID` int(10) unsigned NOT NULL AUTO_INCREMENT,
  `PRODUCTOS_NOMBRE` varchar(255) COLLATE utf8mb4_unicode_ci NOT NULL,
  `PRODUCTOS_COLOR` varchar(100) COLLATE utf8mb4_unicode_ci DEFAULT NULL,
  `PRODUCTOS_GENERO` enum('DAMA','CABALLERO','UNISEX') COLLATE utf8mb4_unicode_ci NOT NULL,
  `PRODUCTOS_TALLA` char(10) COLLATE utf8mb4_unicode_ci DEFAULT NULL,
  `PRODUCTOS_OBSERVACIONES` text COLLATE utf8mb4_unicode_ci,
  `created_at` timestamp NULL DEFAULT NULL,
  `updated_at` timestamp NULL DEFAULT NULL,
  PRIMARY KEY (`PRODUCTOS_ID`)
) ENGINE=InnoDB AUTO_INCREMENT=1143 DEFAULT CHARSET=utf8mb4 COLLATE=utf8mb4_unicode_ci;
/*!40101 SET character_set_client = @saved_cs_client */;

--
-- Dumping data for table `TIENDAS_PRODUCTOS`
--

LOCK TABLES `TIENDAS_PRODUCTOS` WRITE;
/*!40000 ALTER TABLE `TIENDAS_PRODUCTOS` DISABLE KEYS */;
INSERT INTO `TIENDAS_PRODUCTOS` VALUES (1000,'Alcancía Lobos','Blanco / Negra','UNISEX','N/A','SIN OBSERVACIONES','2019-09-02 14:37:01',NULL),(1001,'APLAUDIDORES','BLANCO','UNISEX','N/A','SIN OBSERVACIONES','2019-09-02 14:37:01',NULL),(1002,'AUDIFONOS BOBINA','ROJO','UNISEX','N/A','SIN OBSERVACIONES','2019-09-02 14:37:01',NULL),(1003,'AUDIFONOS LLAVERO','ROJO','UNISEX','N/A','SIN OBSERVACIONES','2019-09-02 14:37:01',NULL),(1004,'Balones Lobos','Bicolor','UNISEX','N/A','SIN OBSERVACIONES','2019-09-02 14:37:01',NULL),(1005,'Bandera 1.45 x 0.95 cm Providencia Lobos','Bicolor','UNISEX','N/A','SIN OBSERVACIONES','2019-09-02 14:37:02',NULL),(1006,'BOCINA ','AZUL','UNISEX','N/A','SIN OBSERVACIONES','2019-09-02 14:37:02',NULL),(1007,'BOCINA ','ROJA','UNISEX','N/A','SIN OBSERVACIONES','2019-09-02 14:37:02',NULL),(1008,'Bolígrafo Lobos','Bicolor','UNISEX','N/A','SIN OBSERVACIONES','2019-09-02 14:37:02',NULL),(1009,'BOLSA','MARINO','UNISEX','CHICA','SIN OBSERVACIONES','2019-09-02 14:37:02',NULL),(1010,'BOLSA','MARINO','UNISEX','GRANDE','SIN OBSERVACIONES','2019-09-02 14:37:02',NULL),(1011,'BOLSA','TURQUESA','UNISEX','GRANDE','SIN OBSERVACIONES','2019-09-02 14:37:03',NULL),(1012,'BOLSA','BLANCA','UNISEX','MEDIANA','SIN OBSERVACIONES','2019-09-02 14:37:03',NULL),(1013,'BOLSA','MARINO','UNISEX','MEDIANA','SIN OBSERVACIONES','2019-09-02 14:37:03',NULL),(1014,'BOLSA','TURQUESA','UNISEX','MEDIANA','SIN OBSERVACIONES','2019-09-02 14:37:03',NULL),(1015,'BOLSA','BLANCA','UNISEX','MINI','SIN OBSERVACIONES','2019-09-02 14:37:03',NULL),(1016,'BUFANDA','ROJA','UNISEX','N/A','SIN OBSERVACIONES','2019-09-02 14:37:03',NULL),(1017,'Bufanda 1.00 x 0.15 cm Providencia Lobos ','Bicolor','UNISEX','N/A','SIN OBSERVACIONES','2019-09-02 14:37:03',NULL),(1018,'Bufanda Lobos','Roja','UNISEX','N/A','SIN OBSERVACIONES','2019-09-02 14:37:03',NULL),(1019,'Bufanda Lobos','Gris','UNISEX','N/A','SIN OBSERVACIONES','2019-09-02 14:37:03',NULL),(1020,'Bufanda Lobos','Negra','UNISEX','N/A','SIN OBSERVACIONES','2019-09-02 14:37:04',NULL),(1021,'CHAMARRA DOBLE CIERRE','MARINO','UNISEX','XL','SIN OBSERVACIONES','2019-09-02 14:37:04',NULL),(1022,'CHAMARRA DOBLE CIERRE','MARINO','UNISEX','XXL','SIN OBSERVACIONES','2019-09-02 14:37:04',NULL),(1023,'CHAMARRA ELITE ','REY','DAMA','L','SIN OBSERVACIONES','2019-09-02 14:37:04',NULL),(1024,'CHAMARRA ELITE ','REY','DAMA','XL','SIN OBSERVACIONES','2019-09-02 14:37:04',NULL),(1025,'CHAMARRA MEDIO CIERRE','NEGRA','UNISEX','XS','SIN OBSERVACIONES','2019-09-02 14:37:04',NULL),(1026,'CHAMARRA MEDIO CIERRE','NEGRA','UNISEX','S','SIN OBSERVACIONES','2019-09-02 14:37:04',NULL),(1027,'CHAMARRA MEDIO CIERRE','NEGRA','UNISEX','M','SIN OBSERVACIONES','2019-09-02 14:37:04',NULL),(1028,'CHAMARRA MEDIO CIERRE','NEGRA','UNISEX','L','SIN OBSERVACIONES','2019-09-02 14:37:04',NULL),(1029,'CHAMARRA MEDIO CIERRE','NEGRA','UNISEX','XL','SIN OBSERVACIONES','2019-09-02 14:37:04',NULL),(1030,'CHAMARRA MEDIO CIERRE','NEGRA','UNISEX','XXL','SIN OBSERVACIONES','2019-09-02 14:37:04',NULL),(1031,'CHAMARRA MEDIO CIERRE','TURQUESA','UNISEX','XS','SIN OBSERVACIONES','2019-09-02 14:37:05',NULL),(1032,'CHAMARRA MEDIO CIERRE','TURQUESA','UNISEX','S','SIN OBSERVACIONES','2019-09-02 14:37:05',NULL),(1033,'CHAMARRA MEDIO CIERRE','TURQUESA','UNISEX','M','SIN OBSERVACIONES','2019-09-02 14:37:05',NULL),(1034,'CHAMARRA MEDIO CIERRE','TURQUESA','UNISEX','L','SIN OBSERVACIONES','2019-09-02 14:37:05',NULL),(1035,'CHAMARRA MEDIO CIERRE','TURQUESA','UNISEX','XL','SIN OBSERVACIONES','2019-09-02 14:37:05',NULL),(1036,'CHAMARRA MEDIO CIERRE','TURQUESA','UNISEX','XXL','SIN OBSERVACIONES','2019-09-02 14:37:05',NULL),(1037,'CHAMARRA UNIVERSITARIA ','MARINO/BLANCA','UNISEX','S','SIN OBSERVACIONES','2019-09-02 14:37:05',NULL),(1038,'CHAMARRA UNIVERSITARIA ','MARINO/BLANCA','UNISEX','M','SIN OBSERVACIONES','2019-09-02 14:37:05',NULL),(1039,'CHAMARRA UNIVERSITARIA ','MARINO/BLANCA','UNISEX','L','SIN OBSERVACIONES','2019-09-02 14:37:05',NULL),(1040,'CHAMARRA UNIVERSITARIA ','MARINO/BLANCA','UNISEX','XL','SIN OBSERVACIONES','2019-09-02 14:37:05',NULL),(1041,'CHAMARRA UNIVERSITARIA ','MARINO/BLANCA','UNISEX','XXL','SIN OBSERVACIONES','2019-09-02 14:37:06',NULL),(1042,'CHAMARRA WATTA','MARINO','UNISEX','M','SIN OBSERVACIONES','2019-09-02 14:37:06',NULL),(1043,'CHAMARRA WATTA','MARINO','UNISEX','L','SIN OBSERVACIONES','2019-09-02 14:37:06',NULL),(1044,'CHAMARRA WATTA','MARINO','UNISEX','XL','SIN OBSERVACIONES','2019-09-02 14:37:06',NULL),(1045,'CILINDRO INFUSOR ','MARINO','UNISEX','N/A','SIN OBSERVACIONES','2019-09-02 14:37:06',NULL),(1046,'CORBATA BUAP','MARINO','CABALLERO','N/A','SIN OBSERVACIONES','2019-09-02 14:37:06',NULL),(1047,'ESTUCHE NOTAS ADHESIVAS','NEGRO','UNISEX','N/A','SIN OBSERVACIONES','2019-09-02 14:37:06',NULL),(1048,'GORRA BUAP','GRIS','UNISEX','N/A','SIN OBSERVACIONES','2019-09-02 14:37:06',NULL),(1049,'GORRA BUAP','GRIS/MARINO','UNISEX','N/A','SIN OBSERVACIONES','2019-09-02 14:37:06',NULL),(1050,'GORRA BUAP','GRIS/NEGRO','UNISEX','N/A','SIN OBSERVACIONES','2019-09-02 14:37:06',NULL),(1051,'GORRA BUAP','GRIS/TURQUESA','UNISEX','N/A','SIN OBSERVACIONES','2019-09-02 14:37:06',NULL),(1052,'IMPERMEABLE BOLA','BLANCA','UNISEX','N/A','SIN OBSERVACIONES','2019-09-02 14:37:07',NULL),(1053,'IMPERMEABLE BOLA','ROJA','UNISEX','N/A','SIN OBSERVACIONES','2019-09-02 14:37:07',NULL),(1054,'JERSEY AFICIONADO LOBOS','NEGRO','UNISEX','S','SIN OBSERVACIONES','2019-09-02 14:37:07',NULL),(1055,'JERSEY AFICIONADO LOBOS','NEGRO','UNISEX','M','SIN OBSERVACIONES','2019-09-02 14:37:07',NULL),(1056,'JERSEY AFICIONADO LOBOS','NEGRO','UNISEX','UNITALLA','SIN OBSERVACIONES','2019-09-02 14:37:07',NULL),(1057,'JERSEY HISTORICO LOBOS','BLANCO','UNISEX','S','SIN OBSERVACIONES','2019-09-02 14:37:07',NULL),(1058,'JERSEY HISTORICO LOBOS','BLANCO','UNISEX','M','SIN OBSERVACIONES','2019-09-02 14:37:07',NULL),(1059,'JERSEY HISTORICO LOBOS','BLANCO','UNISEX','L','SIN OBSERVACIONES','2019-09-02 14:37:07',NULL),(1060,'JERSEY JUGADOR LOBOS','ROJO','UNISEX','XS','SIN OBSERVACIONES','2019-09-02 14:37:07',NULL),(1061,'JERSEY JUGADOR LOBOS','ROJO','UNISEX','S','SIN OBSERVACIONES','2019-09-02 14:37:07',NULL),(1062,'LAPIZ','MARINO','UNISEX','N/A','SIN OBSERVACIONES','2019-09-02 14:37:07',NULL),(1063,'LATA ','ALUMINIO','UNISEX','N/A','SIN OBSERVACIONES','2019-09-02 14:37:07',NULL),(1064,'LATA ','BLANCA','UNISEX','N/A','SIN OBSERVACIONES','2019-09-02 14:37:07',NULL),(1065,'LATA FENIX','AZUL','UNISEX','N/A','SIN OBSERVACIONES','2019-09-02 14:37:08',NULL),(1066,'LENTES','ROJOS','UNISEX','N/A','SIN OBSERVACIONES','2019-09-02 14:37:08',NULL),(1067,'LIBRETA BICOLOR','AZUL','UNISEX','N/A','SIN OBSERVACIONES','2019-09-02 14:37:08',NULL),(1068,'LIBRETA BUAP','MARINO','UNISEX','N/A','SIN OBSERVACIONES','2019-09-02 14:37:08',NULL),(1069,'LIBRETA CURPIEL GRABADO EN LASER','MARINO','UNISEX','N/A','SIN OBSERVACIONES','2019-09-02 14:37:08',NULL),(1070,'Llavero Gol Lobos','Blanco','UNISEX','N/A','SIN OBSERVACIONES','2019-09-02 14:37:08',NULL),(1071,'LLAVERO LOBOS','BLANCO','UNISEX','N/A','SIN OBSERVACIONES','2019-09-02 14:37:08',NULL),(1072,'MARICONERA MOD. 1','NEGRA','UNISEX','CHICA','SIN OBSERVACIONES','2019-09-02 14:37:08',NULL),(1073,'MARICONERA MOD. 1','CAFÉ','UNISEX','MEDIANA','SIN OBSERVACIONES','2019-09-02 14:37:08',NULL),(1074,'MARICONERA MOD. 1','NEGRA','UNISEX','MEDIANA','SIN OBSERVACIONES','2019-09-02 14:37:08',NULL),(1075,'MARICONERA MOD. 1','CAFÉ','UNISEX','GRANDE','SIN OBSERVACIONES','2019-09-02 14:37:08',NULL),(1076,'MARICONERA MOD. 3','CAFÉ','UNISEX','CHICA','SIN OBSERVACIONES','2019-09-02 14:37:09',NULL),(1077,'MARICONERA MOD. 3','NEGRA','UNISEX','CHICA','SIN OBSERVACIONES','2019-09-02 14:37:09',NULL),(1078,'MARICONERA MOD. 3','CAFÉ','UNISEX','MEDIANA','SIN OBSERVACIONES','2019-09-02 14:37:09',NULL),(1079,'MARICONERA MOD. 3','NEGRA','UNISEX','MEDIANA','SIN OBSERVACIONES','2019-09-02 14:37:09',NULL),(1080,'MARICONERA MOD. 4','CAFÉ','UNISEX','N/A','SIN OBSERVACIONES','2019-09-02 14:37:09',NULL),(1081,'MARICONERA MOD. 4','GRIS','UNISEX','N/A','SIN OBSERVACIONES','2019-09-02 14:37:09',NULL),(1082,'MARICONERA MOD. 4','NEGRA','UNISEX','N/A','SIN OBSERVACIONES','2019-09-02 14:37:09',NULL),(1083,'MARICONERA MOD. 5 PORTA LAP','CAFÉ','UNISEX','N/A','SIN OBSERVACIONES','2019-09-02 14:37:09',NULL),(1084,'MARICONERA MOD. 5 PORTA LAP','NEGRA','UNISEX','N/A','SIN OBSERVACIONES','2019-09-02 14:37:09',NULL),(1085,'MASCADA CUADRADA','MARINO','UNISEX','N/A','SIN OBSERVACIONES','2019-09-02 14:37:09',NULL),(1086,'Pelota Anti stres Lobos','Blanco / Negra','UNISEX','N/A','SIN OBSERVACIONES','2019-09-02 14:37:09',NULL),(1087,'PIN CHICO','PLATA','UNISEX','N/A','SIN OBSERVACIONES','2019-09-02 14:37:10',NULL),(1088,'PIN MEDIANO','PLATA','UNISEX','N/A','SIN OBSERVACIONES','2019-09-02 14:37:10',NULL),(1089,'Pisacobarta Niquel','Plata','CABALLERO','N/A','SIN OBSERVACIONES','2019-09-02 14:37:10',NULL),(1090,'Playera Algodón Campeón Lobos','Blanca','UNISEX','Unitalla','SIN OBSERVACIONES','2019-09-02 14:37:10',NULL),(1091,'Playera Compacta Lobos','Blanca','UNISEX','32','SIN OBSERVACIONES','2019-09-02 14:37:10',NULL),(1092,'Playera Compacta Lobos','Blanca','UNISEX','36','SIN OBSERVACIONES','2019-09-02 14:37:10',NULL),(1093,'Playera Compacta Lobos','Blanca','UNISEX','40','SIN OBSERVACIONES','2019-09-02 14:37:10',NULL),(1094,'Playera Compacta Lobos','Blanca','UNISEX','44','SIN OBSERVACIONES','2019-09-02 14:37:10',NULL),(1095,'Porta ipad','Negro','UNISEX','N/A','SIN OBSERVACIONES','2019-09-02 14:37:10',NULL),(1096,'Poulsera Silicon Lobos','Gris','UNISEX','N/A','SIN OBSERVACIONES','2019-09-02 14:37:10',NULL),(1097,'Poulsera Silicon Lobos','Negra','UNISEX','N/A','SIN OBSERVACIONES','2019-09-02 14:37:11',NULL),(1098,'Poulsera Silicon Lobos','Roja','UNISEX','N/A','SIN OBSERVACIONES','2019-09-02 14:37:11',NULL),(1099,'Pulsera Silicon BUAP','Blanca','UNISEX','N/A','SIN OBSERVACIONES','2019-09-02 14:37:11',NULL),(1100,'Pulsera Silicon BUAP','Negra','UNISEX','N/A','SIN OBSERVACIONES','2019-09-02 14:37:11',NULL),(1101,'Pulsera Silicon BUAP','Turquesa','UNISEX','N/A','SIN OBSERVACIONES','2019-09-02 14:37:11',NULL),(1102,'Pulsera Silicon BUAP','Marino','UNISEX','N/A','SIN OBSERVACIONES','2019-09-02 14:37:11',NULL),(1103,'Pulsera Tela Modelo 1 BUAP','varios','UNISEX','N/A','SIN OBSERVACIONES','2019-09-02 14:37:11',NULL),(1104,'Pulsera Tela Modelo 2 BUAP','varios','UNISEX','N/A','SIN OBSERVACIONES','2019-09-02 14:37:11',NULL),(1105,'Pulsera Tela Modelo 3 BUAP','varios','UNISEX','N/A','SIN OBSERVACIONES','2019-09-02 14:37:11',NULL),(1106,'Pulsera Tela Modelo 4 Lobos','varios','UNISEX','N/A','SIN OBSERVACIONES','2019-09-02 14:37:11',NULL),(1107,'Pulsera Tela Modelo 5 Lobos','varios','UNISEX','N/A','SIN OBSERVACIONES','2019-09-02 14:37:11',NULL),(1108,'Pulsera Tela Modelo 6 Lobos','varios','UNISEX','N/A','SIN OBSERVACIONES','2019-09-02 14:37:12',NULL),(1109,'Pulsera Tela Modelo 7 Lobos','varios','UNISEX','N/A','SIN OBSERVACIONES','2019-09-02 14:37:12',NULL),(1110,'Pulsera Tela Modelo 8 Lobos','varios','UNISEX','N/A','SIN OBSERVACIONES','2019-09-02 14:37:12',NULL),(1111,'Reloj Gigante con correa','Azul','CABALLERO','N/A','SIN OBSERVACIONES','2019-09-02 14:37:12',NULL),(1112,'Reloj Lobos','Negra','CABALLERO','N/A','SIN OBSERVACIONES','2019-09-02 14:37:12',NULL),(1113,'Reloj Metálico con Números Romanos','Plata','CABALLERO','N/A','SIN OBSERVACIONES','2019-09-02 14:37:12',NULL),(1114,'Separador Niquel','Plata','UNISEX','N/A','SIN OBSERVACIONES','2019-09-02 14:37:12',NULL),(1115,'Separador Plata','Plata','UNISEX','N/A','SIN OBSERVACIONES','2019-09-02 14:37:12',NULL),(1116,'Set Escolar','Transparente','UNISEX','N/A','SIN OBSERVACIONES','2019-09-02 14:37:12',NULL),(1117,'Set Fan Pack Providencia Lobos','Bicolor','UNISEX','N/A','SIN OBSERVACIONES','2019-09-02 14:37:12',NULL),(1118,'Sombrilla','Blanca','UNISEX','N/A','SIN OBSERVACIONES','2019-09-02 14:37:13',NULL),(1119,'Spinner Lobos','Blanco','UNISEX','N/A','SIN OBSERVACIONES','2019-09-02 14:37:13',NULL),(1120,'Square Pillow 40 x 40 cm Providencia Lobos','Bicolor','UNISEX','N/A','SIN OBSERVACIONES','2019-09-02 14:37:13',NULL),(1121,'Sticker Cuadrado Lobos','Bicolor','UNISEX','N/A','SIN OBSERVACIONES','2019-09-02 14:37:13',NULL),(1122,'Sticker Largo Lobos','Bicolor','UNISEX','N/A','SIN OBSERVACIONES','2019-09-02 14:37:13',NULL),(1123,'Sticker Vínil ','Bicolor','UNISEX','N/A','SIN OBSERVACIONES','2019-09-02 14:37:13',NULL),(1124,'Sticker Vínil Pequeño','Negro','UNISEX','N/A','SIN OBSERVACIONES','2019-09-02 14:37:13',NULL),(1125,'Sticker Vínil Pequeño','Blanco','UNISEX','N/A','SIN OBSERVACIONES','2019-09-02 14:37:13',NULL),(1126,'Sudadera Envolvente ','Marino ','UNISEX','XXL','SIN OBSERVACIONES','2019-09-02 14:37:13',NULL),(1127,'Sudadera Gorro','Turquesa','UNISEX','XL','SIN OBSERVACIONES','2019-09-02 14:37:13',NULL),(1128,'Sudadera Gorro','Turquesa','UNISEX','XXL','SIN OBSERVACIONES','2019-09-02 14:37:13',NULL),(1129,'Sudadera Minerva ','Turquesa','UNISEX','L','SIN OBSERVACIONES','2019-09-02 14:37:14',NULL),(1130,'Tank Top ','Gris','DAMA','XS','SIN OBSERVACIONES','2019-09-02 14:37:14',NULL),(1131,'Tank Top ','Gris','DAMA','S','SIN OBSERVACIONES','2019-09-02 14:37:14',NULL),(1132,'Tank Top ','Gris','DAMA','M','SIN OBSERVACIONES','2019-09-02 14:37:14',NULL),(1133,'Tank Top ','Gris','DAMA','L','SIN OBSERVACIONES','2019-09-02 14:37:14',NULL),(1134,'Tank Top ','Gris','DAMA','XL','SIN OBSERVACIONES','2019-09-02 14:37:14',NULL),(1135,'Tank Top ','Gris','DAMA','XXL','SIN OBSERVACIONES','2019-09-02 14:37:14',NULL),(1136,'Tarro Cervecero','Transparente','UNISEX','N/A','SIN OBSERVACIONES','2019-09-02 14:37:14',NULL),(1137,'Toalla Facial Lobos BUAP','Bicolor','UNISEX','N/A','SIN OBSERVACIONES','2019-09-02 14:37:14',NULL),(1138,'USB','Gris','UNISEX','N/A','SIN OBSERVACIONES','2019-09-02 14:37:14',NULL),(1139,'USB en contenedor Chico','Negro','UNISEX','N/A','SIN OBSERVACIONES','2019-09-02 14:37:14',NULL),(1140,'USB Redonda','Marino','UNISEX','N/A','SIN OBSERVACIONES','2019-09-02 14:37:14',NULL),(1141,'Vaso Lobos','Negro','UNISEX','N/A','SIN OBSERVACIONES','2019-09-02 14:37:15',NULL),(1142,'Vaso Lobos','Rojo','UNISEX','N/A','SIN OBSERVACIONES','2019-09-02 14:37:15',NULL);
/*!40000 ALTER TABLE `TIENDAS_PRODUCTOS` ENABLE KEYS */;
UNLOCK TABLES;

--
-- Table structure for table `TIENDAS_QUINCENAS`
--

DROP TABLE IF EXISTS `TIENDAS_QUINCENAS`;
/*!40101 SET @saved_cs_client     = @@character_set_client */;
/*!40101 SET character_set_client = utf8 */;
CREATE TABLE `TIENDAS_QUINCENAS` (
  `QUINCENAS_ID` int(10) unsigned NOT NULL AUTO_INCREMENT,
  `QUINCENAS_ESTATUS` char(10) COLLATE utf8mb4_unicode_ci NOT NULL,
  `QUINCENAS_FECHA_ESTIMADA` date DEFAULT NULL,
  `QUINCENAS_FECHA_PAGO` datetime DEFAULT NULL,
  `QUINCENAS_OBSERVACIONES` text COLLATE utf8mb4_unicode_ci,
  `created_at` timestamp NULL DEFAULT NULL,
  `updated_at` timestamp NULL DEFAULT NULL,
  PRIMARY KEY (`QUINCENAS_ID`)
) ENGINE=InnoDB DEFAULT CHARSET=utf8mb4 COLLATE=utf8mb4_unicode_ci;
/*!40101 SET character_set_client = @saved_cs_client */;

--
-- Dumping data for table `TIENDAS_QUINCENAS`
--

LOCK TABLES `TIENDAS_QUINCENAS` WRITE;
/*!40000 ALTER TABLE `TIENDAS_QUINCENAS` DISABLE KEYS */;
/*!40000 ALTER TABLE `TIENDAS_QUINCENAS` ENABLE KEYS */;
UNLOCK TABLES;

--
-- Table structure for table `TIENDAS_VENTAS`
--

DROP TABLE IF EXISTS `TIENDAS_VENTAS`;
/*!40101 SET @saved_cs_client     = @@character_set_client */;
/*!40101 SET character_set_client = utf8 */;
CREATE TABLE `TIENDAS_VENTAS` (
  `VENTAS_ID` int(10) unsigned NOT NULL AUTO_INCREMENT,
  `VENTAS_TIPO_PAGO` enum('EFECTIVO','TARJETA DÉBITO','TARJETA CRÉDITO','MIXTO','NÓMINA','TRANSFERENCIA','DEPÓSITO') COLLATE utf8mb4_unicode_ci NOT NULL,
  `VENTAS_CONSECUTIVO_DIARIO` int(11) DEFAULT NULL,
  `VENTAS_CONSECUTIVO_ANUAL` int(11) NOT NULL,
  `VENTAS_TOTAL` double(8,2) NOT NULL,
  `created_at` timestamp NULL DEFAULT NULL,
  `updated_at` timestamp NULL DEFAULT NULL,
  PRIMARY KEY (`VENTAS_ID`)
) ENGINE=InnoDB DEFAULT CHARSET=utf8mb4 COLLATE=utf8mb4_unicode_ci;
/*!40101 SET character_set_client = @saved_cs_client */;

--
-- Dumping data for table `TIENDAS_VENTAS`
--

LOCK TABLES `TIENDAS_VENTAS` WRITE;
/*!40000 ALTER TABLE `TIENDAS_VENTAS` DISABLE KEYS */;
/*!40000 ALTER TABLE `TIENDAS_VENTAS` ENABLE KEYS */;
UNLOCK TABLES;

--
-- Table structure for table `migrations`
--

DROP TABLE IF EXISTS `migrations`;
/*!40101 SET @saved_cs_client     = @@character_set_client */;
/*!40101 SET character_set_client = utf8 */;
CREATE TABLE `migrations` (
  `id` int(10) unsigned NOT NULL AUTO_INCREMENT,
  `migration` varchar(255) COLLATE utf8mb4_unicode_ci NOT NULL,
  `batch` int(11) NOT NULL,
  PRIMARY KEY (`id`)
) ENGINE=InnoDB AUTO_INCREMENT=28 DEFAULT CHARSET=utf8mb4 COLLATE=utf8mb4_unicode_ci;
/*!40101 SET character_set_client = @saved_cs_client */;

--
-- Dumping data for table `migrations`
--

LOCK TABLES `migrations` WRITE;
/*!40000 ALTER TABLE `migrations` DISABLE KEYS */;
INSERT INTO `migrations` VALUES (1,'2014_10_12_000000_create_users_table',1),(2,'2014_10_12_100000_create_password_resets_table',1),(3,'2019_04_02_222006_create_tiendas_login_table',1),(4,'2019_04_03_160200_create_tiendas_productos_table',1),(5,'2019_04_03_161146_create_tiendas_tienda_table',1),(6,'2019_04_03_161609_create_tiendas_datos_venta_producto_table',1),(7,'2019_04_03_162019_create_tiendas_historial_table',1),(8,'2019_04_03_162559_create_tiendas_nota_entrada_table',1),(9,'2019_04_09_155855_create_rel_inventario_table',1),(10,'2019_04_09_164022_create_rel_producto_nota_entrada_table',1),(11,'2019_04_09_191322_create_rel_usuario_espacio_table',1),(12,'2019_04_11_150921_create_rel_historial_producto_table',1),(13,'2019_04_24_215349_create_tiendas_movilizacion_inventario_table',1),(14,'2019_05_08_155229_create_tiendas_ventas_table',1),(15,'2019_05_08_174005_create_rel_venta_producto_table',1),(16,'2019_06_12_143557_create_rel_movilizacion_producto',1),(17,'2019_06_24_180740_create_rel_pago_mixto_table',1),(18,'2019_06_24_202749_create_rel_pago_transferencia_table',1),(19,'2019_06_24_215053_create_rel_pago_deposito_table',1),(20,'2019_06_26_160615_create_rel_pago_nomina_table',1),(21,'2019_06_26_162036_create_tiendas_quincenas_table',1),(22,'2019_06_26_162836_create_rel_quincenas_venta_table',1),(23,'2019_07_02_161031_create_rel_conteo_inventario_table',1),(24,'2019_08_05_202226_create_rel_venta_factura_table',1),(25,'2019_08_09_164558_create_tiendas_devoluciones_table',1),(26,'2019_08_09_164623_create_rel_devoluciones_table',1),(27,'2019_09_02_060321_insert_productos_table',1);
/*!40000 ALTER TABLE `migrations` ENABLE KEYS */;
UNLOCK TABLES;

--
-- Table structure for table `password_resets`
--

DROP TABLE IF EXISTS `password_resets`;
/*!40101 SET @saved_cs_client     = @@character_set_client */;
/*!40101 SET character_set_client = utf8 */;
CREATE TABLE `password_resets` (
  `email` varchar(100) COLLATE utf8mb4_unicode_ci NOT NULL,
  `token` varchar(255) COLLATE utf8mb4_unicode_ci NOT NULL,
  `created_at` timestamp NULL DEFAULT NULL,
  KEY `password_resets_email_index` (`email`)
) ENGINE=InnoDB DEFAULT CHARSET=utf8mb4 COLLATE=utf8mb4_unicode_ci;
/*!40101 SET character_set_client = @saved_cs_client */;

--
-- Dumping data for table `password_resets`
--

LOCK TABLES `password_resets` WRITE;
/*!40000 ALTER TABLE `password_resets` DISABLE KEYS */;
/*!40000 ALTER TABLE `password_resets` ENABLE KEYS */;
UNLOCK TABLES;

--
-- Table structure for table `users`
--

DROP TABLE IF EXISTS `users`;
/*!40101 SET @saved_cs_client     = @@character_set_client */;
/*!40101 SET character_set_client = utf8 */;
CREATE TABLE `users` (
  `id` int(10) unsigned NOT NULL AUTO_INCREMENT,
  `name` varchar(255) COLLATE utf8mb4_unicode_ci NOT NULL,
  `email` varchar(100) COLLATE utf8mb4_unicode_ci NOT NULL,
  `email_verified_at` timestamp NULL DEFAULT NULL,
  `password` varchar(255) COLLATE utf8mb4_unicode_ci NOT NULL,
  `remember_token` varchar(100) COLLATE utf8mb4_unicode_ci DEFAULT NULL,
  `created_at` timestamp NULL DEFAULT NULL,
  `updated_at` timestamp NULL DEFAULT NULL,
  PRIMARY KEY (`id`),
  UNIQUE KEY `users_email_unique` (`email`)
) ENGINE=InnoDB DEFAULT CHARSET=utf8mb4 COLLATE=utf8mb4_unicode_ci;
/*!40101 SET character_set_client = @saved_cs_client */;

--
-- Dumping data for table `users`
--

LOCK TABLES `users` WRITE;
/*!40000 ALTER TABLE `users` DISABLE KEYS */;
/*!40000 ALTER TABLE `users` ENABLE KEYS */;
UNLOCK TABLES;
/*!40103 SET TIME_ZONE=@OLD_TIME_ZONE */;

/*!40101 SET SQL_MODE=@OLD_SQL_MODE */;
/*!40014 SET FOREIGN_KEY_CHECKS=@OLD_FOREIGN_KEY_CHECKS */;
/*!40014 SET UNIQUE_CHECKS=@OLD_UNIQUE_CHECKS */;
/*!40101 SET CHARACTER_SET_CLIENT=@OLD_CHARACTER_SET_CLIENT */;
/*!40101 SET CHARACTER_SET_RESULTS=@OLD_CHARACTER_SET_RESULTS */;
/*!40101 SET COLLATION_CONNECTION=@OLD_COLLATION_CONNECTION */;
/*!40111 SET SQL_NOTES=@OLD_SQL_NOTES */;

-- Dump completed on 2019-09-02 10:38:38
